{"format": "layers-model", "generatedBy": "keras v2.15.0", "convertedBy": "TensorFlow.js Converter v4.20.0", "modelTopology": {"keras_version": "2.15.0", "backend": "tensorflow", "model_config": {"class_name": "Functional", "config": {"name": "model", "trainable": true, "layers": [{"class_name": "InputLayer", "config": {"batch_input_shape": [null, 50], "dtype": "float32", "sparse": false, "ragged": false, "name": "review_input"}, "name": "review_input", "inbound_nodes": []}, {"class_name": "Embedding", "config": {"name": "embedding", "trainable": false, "dtype": "float32", "batch_input_shape": [null, 50], "input_dim": 2709, "output_dim": 300, "embeddings_initializer": {"module": "keras.initializers", "class_name": "RandomUniform", "config": {"minval": -0.05, "maxval": 0.05, "seed": null}, "registered_name": null}, "embeddings_regularizer": null, "activity_regularizer": null, "embeddings_constraint": null, "mask_zero": false, "input_length": 50}, "name": "embedding", "inbound_nodes": [[["review_input", 0, 0, {}]]]}, {"class_name": "Bidirectional", "config": {"name": "bidirectional", "trainable": true, "dtype": "float32", "layer": {"module": "keras.layers", "class_name": "LSTM", "config": {"name": "lstm", "trainable": true, "dtype": "float32", "return_sequences": true, "return_state": false, "go_backwards": false, "stateful": false, "unroll": false, "time_major": false, "units": 100, "activation": "tanh", "recurrent_activation": "sigmoid", "use_bias": true, "kernel_initializer": {"module": "keras.initializers", "class_name": "GlorotUniform", "config": {"seed": null}, "registered_name": null}, "recurrent_initializer": {"module": "keras.initializers", "class_name": "Orthogonal", "config": {"gain": 1.0, "seed": null}, "registered_name": null}, "bias_initializer": {"module": "keras.initializers", "class_name": "Zeros", "config": {}, "registered_name": null}, "unit_forget_bias": true, "kernel_regularizer": null, "recurrent_regularizer": null, "bias_regularizer": null, "activity_regularizer": null, "kernel_constraint": null, "recurrent_constraint": null, "bias_constraint": null, "dropout": 0.0, "recurrent_dropout": 0.0, "implementation": 2}, "registered_name": null}, "merge_mode": "concat"}, "name": "bidirectional", "inbound_nodes": [[["embedding", 0, 0, {}]]]}, {"class_name": "Dropout", "config": {"name": "dropout", "trainable": true, "dtype": "float32", "rate": 0.5, "noise_shape": null, "seed": null}, "name": "dropout", "inbound_nodes": [[["bidirectional", 0, 0, {}]]]}, {"class_name": "Bidirectional", "config": {"name": "bidirectional_1", "trainable": true, "dtype": "float32", "layer": {"module": "keras.layers", "class_name": "LSTM", "config": {"name": "lstm_1", "trainable": true, "dtype": "float32", "return_sequences": false, "return_state": false, "go_backwards": false, "stateful": false, "unroll": false, "time_major": false, "units": 100, "activation": "tanh", "recurrent_activation": "sigmoid", "use_bias": true, "kernel_initializer": {"module": "keras.initializers", "class_name": "GlorotUniform", "config": {"seed": null}, "registered_name": null}, "recurrent_initializer": {"module": "keras.initializers", "class_name": "Orthogonal", "config": {"gain": 1.0, "seed": null}, "registered_name": null}, "bias_initializer": {"module": "keras.initializers", "class_name": "Zeros", "config": {}, "registered_name": null}, "unit_forget_bias": true, "kernel_regularizer": null, "recurrent_regularizer": null, "bias_regularizer": null, "activity_regularizer": null, "kernel_constraint": null, "recurrent_constraint": null, "bias_constraint": null, "dropout": 0.0, "recurrent_dropout": 0.0, "implementation": 2}, "registered_name": null}, "merge_mode": "concat"}, "name": "bidirectional_1", "inbound_nodes": [[["dropout", 0, 0, {}]]]}, {"class_name": "Dropout", "config": {"name": "dropout_1", "trainable": true, "dtype": "float32", "rate": 0.5, "noise_shape": null, "seed": null}, "name": "dropout_1", "inbound_nodes": [[["bidirectional_1", 0, 0, {}]]]}, {"class_name": "Dense", "config": {"name": "dense", "trainable": true, "dtype": "float32", "units": 64, "activation": "relu", "use_bias": true, "kernel_initializer": {"module": "keras.initializers", "class_name": "HeNormal", "config": {"seed": null}, "registered_name": null}, "bias_initializer": {"module": "keras.initializers", "class_name": "Zeros", "config": {}, "registered_name": null}, "kernel_regularizer": {"module": "keras.regularizers", "class_name": "L2", "config": {"l2": 0.009999999776482582}, "registered_name": null}, "bias_regularizer": null, "activity_regularizer": null, "kernel_constraint": null, "bias_constraint": null}, "name": "dense", "inbound_nodes": [[["dropout_1", 0, 0, {}]]]}, {"class_name": "Dropout", "config": {"name": "dropout_2", "trainable": true, "dtype": "float32", "rate": 0.5, "noise_shape": null, "seed": null}, "name": "dropout_2", "inbound_nodes": [[["dense", 0, 0, {}]]]}, {"class_name": "Dense", "config": {"name": "dense_1", "trainable": true, "dtype": "float32", "units": 8, "activation": "relu", "use_bias": true, "kernel_initializer": {"module": "keras.initializers", "class_name": "HeNormal", "config": {"seed": null}, "registered_name": null}, "bias_initializer": {"module": "keras.initializers", "class_name": "Zeros", "config": {}, "registered_name": null}, "kernel_regularizer": {"module": "keras.regularizers", "class_name": "L2", "config": {"l2": 0.009999999776482582}, "registered_name": null}, "bias_regularizer": null, "activity_regularizer": null, "kernel_constraint": null, "bias_constraint": null}, "name": "dense_1", "inbound_nodes": [[["dropout_2", 0, 0, {}]]]}, {"class_name": "Dropout", "config": {"name": "dropout_3", "trainable": true, "dtype": "float32", "rate": 0.5, "noise_shape": null, "seed": null}, "name": "dropout_3", "inbound_nodes": [[["dense_1", 0, 0, {}]]]}, {"class_name": "Dense", "config": {"name": "output", "trainable": true, "dtype": "float32", "units": 3, "activation": "softmax", "use_bias": true, "kernel_initializer": {"module": "keras.initializers", "class_name": "GlorotUniform", "config": {"seed": null}, "registered_name": null}, "bias_initializer": {"module": "keras.initializers", "class_name": "Zeros", "config": {}, "registered_name": null}, "kernel_regularizer": null, "bias_regularizer": null, "activity_regularizer": null, "kernel_constraint": null, "bias_constraint": null}, "name": "output", "inbound_nodes": [[["dropout_3", 0, 0, {}]]]}], "input_layers": [["review_input", 0, 0]], "output_layers": [["output", 0, 0]]}}, "training_config": {"loss": "sparse_categorical_crossentropy", "metrics": [[{"class_name": "MeanMetricWrapper", "config": {"name": "accuracy", "dtype": "float32", "fn": "sparse_categorical_accuracy"}}]], "weighted_metrics": null, "loss_weights": null, "optimizer_config": {"class_name": "Custom>Adam", "config": {"name": "Adam", "weight_decay": null, "clipnorm": null, "global_clipnorm": null, "clipvalue": null, "use_ema": false, "ema_momentum": 0.99, "ema_overwrite_frequency": null, "jit_compile": false, "is_legacy_optimizer": false, "learning_rate": 0.0010000000474974513, "beta_1": 0.9, "beta_2": 0.999, "epsilon": 1e-07, "amsgrad": false}}}}, "weightsManifest": [{"paths": ["group1-shard1of2.bin", "group1-shard2of2.bin"], "weights": [{"name": "bidirectional/forward_lstm/lstm_cell/kernel", "shape": [300, 400], "dtype": "float32"}, {"name": "bidirectional/forward_lstm/lstm_cell/recurrent_kernel", "shape": [100, 400], "dtype": "float32"}, {"name": "bidirectional/forward_lstm/lstm_cell/bias", "shape": [400], "dtype": "float32"}, {"name": "bidirectional/backward_lstm/lstm_cell/kernel", "shape": [300, 400], "dtype": "float32"}, {"name": "bidirectional/backward_lstm/lstm_cell/recurrent_kernel", "shape": [100, 400], "dtype": "float32"}, {"name": "bidirectional/backward_lstm/lstm_cell/bias", "shape": [400], "dtype": "float32"}, {"name": "bidirectional_1/forward_lstm_1/lstm_cell/kernel", "shape": [200, 400], "dtype": "float32"}, {"name": "bidirectional_1/forward_lstm_1/lstm_cell/recurrent_kernel", "shape": [100, 400], "dtype": "float32"}, {"name": "bidirectional_1/forward_lstm_1/lstm_cell/bias", "shape": [400], "dtype": "float32"}, {"name": "bidirectional_1/backward_lstm_1/lstm_cell/kernel", "shape": [200, 400], "dtype": "float32"}, {"name": "bidirectional_1/backward_lstm_1/lstm_cell/recurrent_kernel", "shape": [100, 400], "dtype": "float32"}, {"name": "bidirectional_1/backward_lstm_1/lstm_cell/bias", "shape": [400], "dtype": "float32"}, {"name": "dense/kernel", "shape": [200, 64], "dtype": "float32"}, {"name": "dense/bias", "shape": [64], "dtype": "float32"}, {"name": "dense_1/kernel", "shape": [64, 8], "dtype": "float32"}, {"name": "dense_1/bias", "shape": [8], "dtype": "float32"}, {"name": "embedding/embeddings", "shape": [2709, 300], "dtype": "float32"}, {"name": "output/kernel", "shape": [8, 3], "dtype": "float32"}, {"name": "output/bias", "shape": [3], "dtype": "float32"}]}]}